{"PINN Loss": -550.61181640625, "Initial Condition Loss": 69.15695190429688, "PDE/HPM Loss": -619.768798828125, "Boundary Loss": 0.0, "Epoch": 0, "_step": 0, "_runtime": 114, "_timestamp": 1617081421}