{"PINN Loss": 0.029036464169621468, "Initial Condition Loss": 0.027853652834892273, "PDE/HPM Loss": 0.0011828108690679073, "Boundary Loss": 0.0, "Epoch": 46, "_step": 46, "_runtime": 984, "_timestamp": 1616568161}