{"PINN Loss": 2.134136199951172, "Initial Condition Loss": 2.134559154510498, "PDE/HPM Loss": -0.0004230355843901634, "Boundary Loss": 0.0, "Epoch": 2, "_step": 2, "_runtime": 108, "_timestamp": 1617182144}