{"PINN Loss": 121.62864685058594, "Initial Condition Loss": 6.365853786468506, "PDE/HPM Loss": 115.2627944946289, "Boundary Loss": 0.0, "Epoch": 3, "_step": 3, "_runtime": 448, "_timestamp": 1617081932}