{"PINN Loss": 0.10463660955429077, "Initial Condition Loss": 0.09245429933071136, "PDE/HPM Loss": 0.012182312086224556, "Boundary Loss": 0.0, "Epoch": 62, "_step": 62, "_runtime": 1326, "_timestamp": 1616570908}