{"PINN Loss": 0.01119279209524393, "Initial Condition Loss": 0.009732252918183804, "PDE/HPM Loss": 0.0014605389442294836, "Boundary Loss": 0.0, "Epoch": 21, "_step": 21, "_runtime": 15156, "_timestamp": 1617198582}